[
  {
  "id": "1",
  "name": "Snake",
  "habitat": "Forest",
  "description": "snake, (suborder Serpentes), also called serpent, any of more than 3,400 species of reptiles distinguished by their limbless condition and greatly elongated body and tail. Classified with lizards in the order Squamata, snakes represent a lizard that, over the course of evolution, has undergone structural reduction, simplification, and loss as well as specialization. All snakes lack external limbs, but not all legless reptiles are snakes. Certain burrowing lizards may have only front or hind limbs or be completely legless. Unlike lizards, snakes lack movable eyelids, which results in a continuous and often disconcerting stare. Snakes also lack external ear openings. Internally, they have lost the urinary bladder. The visceral organs are elongated, with reduction of the left member in relation to the right; the left lung is greatly reduced or even lost entirely. However, snakes possess increased numbers of vertebrae and have developed two novelties among vertebrates: a tracheal lung in the neck region and a venom-conducting system for subduing prey.."
},
  {
    "id": "2",
    "name" : "Bear",
    "habitat" : "Forest",
    "description" : "Bears are carnivoran mammals of the family Ursidae. They are classified as caniforms, or doglike carnivorans. Although only eight species of bears are extant, they are widespread, appearing in a wide variety of habitats throughout the Northern Hemisphere and partially in the Southern Hemisphere. Bears are found on the continents of North America, South America, Europe, and Asia. Common characteristics of modern bears include large bodies with stocky legs, long snouts, small rounded ears, shaggy hair, plantigrade paws with five nonretractile claws, and short tails."
    
  },
  {
    "id": "3",
    "name" : "Brown bear",
    "habitat" : "Forest",
    "description" : "The brown bear (Ursus arctos) is a large bear species found across Eurasia and North America. In North America, the populations of brown bears are called grizzly bears, while the subspecies that inhabits the Kodiak Islands of Alaska is known as the Kodiak bear. It is one of the largest living terrestrial members of the order Carnivora, rivaled in size only by its closest relative, the polar bear (Ursus maritimus), which is much less variable in size and slightly bigger on average. The brown bear's range includes parts of Russia, Central Asia, the Himalayas, China, Canada, the United States, Hokkaido, Scandinavia, Finland, the Balkans, the Picos de Europa and the Carpathian region (especially Romania), Iran, Anatolia, and the Caucasus. The brown bear is recognized as a national and state animal in several European countries."
    
  }
]
